Profile,Profile_followers,Likes,Date,Location,Location_coord,Post_url,Img_link
tsaijiegrace,976.0,3949.0,2021-12-14 20:30:30,TAIPEI 101 MALL 台北 101 購物中心,"(25.0343805984, 121.5644432558)",https://www.instagram.com/p/CXdpxPPPMPK,https://instagram.ftpe7-4.fna.fbcdn.net/v/t51.2885-15/e35/p1080x1080/267749814_1801207360064887_3250689725575318648_n.jpg?_nc_ht=instagram.ftpe7-4.fna.fbcdn.net&_nc_cat=107&_nc_ohc=o1ueNiqXLL4AX-Mv8Wz&edm=AABBvjUBAAAA&ccb=7-4&oh=00_AT-GRwL-y2WTnOs0_V4cEZ9VUunPtIqQ9MkJDbOJmCvxSw&oe=61C17EBE&_nc_sid=83d603
boray_pj,681.0,3300.0,2021-12-12 12:03:35,Running steak 朗寧牛排,"(23.9568502084, 120.9750803468)",https://www.instagram.com/p/CXXmKtsPFi7,https://instagram.ftpe7-3.fna.fbcdn.net/v/t51.2885-15/e35/p1080x1080/265881745_591278542178363_7336777087928821205_n.jpg?_nc_ht=instagram.ftpe7-3.fna.fbcdn.net&_nc_cat=111&_nc_ohc=2SnXFqyld3YAX_94kwC&edm=AABBvjUBAAAA&ccb=7-4&oh=00_AT92VTu028v0jpFScWWAH7dmflSeGzH3r8uUJdCZShKmeA&oe=61C117B9&_nc_sid=83d603
zoebitalk,75.0,2846.0,2021-12-11 11:55:31,新北耶誕城,"(25.05020615, 121.59259317)",https://www.instagram.com/p/CXVAcytvKcU,https://instagram.ftpe7-2.fna.fbcdn.net/v/t51.2885-15/e35/p1080x1080/265361261_330161531961189_5059623855536274994_n.jpg?_nc_ht=instagram.ftpe7-2.fna.fbcdn.net&_nc_cat=109&_nc_ohc=ZiJpF32WPZUAX9kPIN-&edm=AABBvjUBAAAA&ccb=7-4&oh=00_AT8pg6VIyIuCT6Q3ZPAR72qf9WdelNkmptzjuw6Yr9Uiog&oe=61C1A02B&_nc_sid=83d603
_moonspaces_,21.0,2057.0,2021-12-12 20:27:56,聖誕快樂哦: ),"(24.73792106, 121.16129915)",https://www.instagram.com/p/CXYf4voJF-4,https://instagram.ftpe7-4.fna.fbcdn.net/v/t51.2885-15/e35/266085182_592632535327851_10011224518825105_n.jpg?_nc_ht=instagram.ftpe7-4.fna.fbcdn.net&_nc_cat=103&_nc_ohc=sqJG6TNMr2gAX8RQm23&edm=AABBvjUBAAAA&ccb=7-4&oh=00_AT_F-1LJ50ZoviNE1S30quhDnaE7N29kg7UVeOQTqJaj7Q&oe=61C29DAD&_nc_sid=83d603
ovaltine_fooddiary,795.0,1706.0,2021-12-11 20:11:21,聖誕節快樂不要不快樂,"(24.8465518951, 121.2273101807)",https://www.instagram.com/p/CXV5MYmpS13,https://instagram.ftpe7-1.fna.fbcdn.net/v/t51.2885-15/e35/p1080x1080/266468600_302395401769518_1566207433545267269_n.jpg?_nc_ht=instagram.ftpe7-1.fna.fbcdn.net&_nc_cat=106&_nc_ohc=eFOBiMp9uBkAX_aFzy2&edm=AABBvjUBAAAA&ccb=7-4&oh=00_AT81vQrmCOUuWTU592Nd2ROyD2Ci3MxMxvkf-AlUMoUH0g&oe=61C28BC3&_nc_sid=83d603
tw_wheretogo,118.0,1137.0,2021-12-09 12:48:04,中央公園 Taichung Central Park,"(24.17948, 120.6561)",https://www.instagram.com/p/CXP8366vNHR,https://instagram.ftpe7-3.fna.fbcdn.net/v/t51.2885-15/e35/p1080x1080/264585815_436578624749399_3279040002662417423_n.jpg?_nc_ht=instagram.ftpe7-3.fna.fbcdn.net&_nc_cat=111&_nc_ohc=oeFtklo3yNAAX_KrHiP&edm=AABBvjUBAAAA&ccb=7-4&oh=00_AT8jiHbJXozE5Bg9R3ULo48EM4mP8_2FVfk6yptRvmmOlw&oe=61C14A28&_nc_sid=83d603
bb211019,737.0,1043.0,2021-12-11 21:25:58,河樂時尚廣場,"(22.9936813936, 120.1948159933)",https://www.instagram.com/p/CXWBu20vHWV,https://instagram.ftpe7-1.fna.fbcdn.net/v/t51.2885-15/e35/p1080x1080/265559336_129629266167744_4482411447112953740_n.jpg?_nc_ht=instagram.ftpe7-1.fna.fbcdn.net&_nc_cat=100&_nc_ohc=wX97R0X4ibQAX9tKg6a&edm=AABBvjUBAAAA&ccb=7-4&oh=00_AT-XTv595gnHH4BPqsIiUu_v4F4hU5YA9nhVVEz-_3NsDw&oe=61C2A10C&_nc_sid=83d603
o_omikilove,519.0,656.0,2021-12-11 17:14:50,六福村主題遊樂園,"(24.821058232, 121.1822051252)",https://www.instagram.com/p/CXVk_j7JdKs,https://instagram.ftpe7-1.fna.fbcdn.net/v/t51.2885-15/e35/p1080x1080/265520055_898388674213534_1614143450256916880_n.jpg?_nc_ht=instagram.ftpe7-1.fna.fbcdn.net&_nc_cat=110&_nc_ohc=QEDU6SJqQLYAX9N-AWo&tn=p3PuYwOUb0brXnrV&edm=AABBvjUBAAAA&ccb=7-4&oh=00_AT-yx34guGq_4nSkOTXd8YArtVKXSs6KjUWopymb4Ia3OQ&oe=61C24BBB&_nc_sid=83d603
chieh_ej_____,924.0,605.0,2021-12-09 21:08:34,臺中國家歌劇院 National Taichung Theater,"(24.1630051195, 120.6409214834)",https://www.instagram.com/p/CXQ2Js_P1ZA,https://instagram.ftpe7-2.fna.fbcdn.net/v/t51.2885-15/e35/s1080x1080/265687790_887469275295076_4571441077509738408_n.jpg?_nc_ht=instagram.ftpe7-2.fna.fbcdn.net&_nc_cat=104&_nc_ohc=0rPNgqbry1UAX-_a-W_&edm=AABBvjUBAAAA&ccb=7-4&oh=00_AT-HhFkXZ32eiMlWQQhj8Pvqn2sNhkKEYkEwCU5ako0qww&oe=61C1822F&_nc_sid=83d603
germanshepherd_idol,243.0,602.0,2021-12-14 08:05:48,新北歡樂耶誕誠,"(25.0260080133, 121.4749449492)",https://www.instagram.com/p/CXcUi36PeTB,https://instagram.ftpe7-1.fna.fbcdn.net/v/t51.2885-15/e35/266663018_894620674585774_8474229881110831087_n.jpg?_nc_ht=instagram.ftpe7-1.fna.fbcdn.net&_nc_cat=110&_nc_ohc=D7fUJZehlzEAX8oMBAy&tn=qslcWGLUZOVNi3iQ&edm=ABZsPhsBAAAA&ccb=7-4&oh=00_AT-Bivfrj6J09gb1MeD_8_wq2OHs2omX5ErLUqs4bdpXEw&oe=61C10EB2&_nc_sid=4efc9f&ig_cache_key=MjcyODE0NTgzMTcwNTA0NDE2MQ%3D%3D.2-ccb7-4
susu03.13,6236.0,543.0,2021-12-14 11:53:54,聖誕節快樂,"(25.0184154, 121.4651094)",https://www.instagram.com/p/CXcupkhvaRY,https://instagram.ftpe7-2.fna.fbcdn.net/v/t51.2885-15/e35/p1080x1080/267141318_908657949759813_4932793384560288579_n.jpg?_nc_ht=instagram.ftpe7-2.fna.fbcdn.net&_nc_cat=109&_nc_ohc=0ZePyTnuBdQAX8CMnTu&edm=AABBvjUBAAAA&ccb=7-4&oh=00_AT-HSw9gnz2E0KuahD3U148QXJmMT5KHVcs9BmTrBqPCfg&oe=61C13E28&_nc_sid=83d603
permio1,1446.0,540.0,2021-12-13 21:22:22,義享時尚廣場,"(22.6565418128, 120.3065371513)",https://www.instagram.com/p/CXbK6OxlEgy,https://instagram.ftpe7-2.fna.fbcdn.net/v/t51.2885-15/e35/266311967_1040039563226289_1120688569135081094_n.jpg?_nc_ht=instagram.ftpe7-2.fna.fbcdn.net&_nc_cat=109&_nc_ohc=yMyIuEkgmbMAX_e-K0p&edm=AABBvjUBAAAA&ccb=7-4&oh=00_AT8Gk5os_bk9YlXAaMcNL4CMD7LCmcR4oBPeKsi9YmTcBQ&oe=61C21AA1&_nc_sid=83d603
always_smile_wen_163,421.0,538.0,2021-12-14 20:45:18,新北歡樂耶誕誠,"(25.0260080133, 121.4749449492)",https://www.instagram.com/p/CXdrdm7vhL5,https://instagram.ftpe7-4.fna.fbcdn.net/v/t51.2885-15/e35/s1080x1080/267151067_131133389350129_3123151673914427810_n.jpg?_nc_ht=instagram.ftpe7-4.fna.fbcdn.net&_nc_cat=101&_nc_ohc=x98cO1I3NtUAX9GbDxp&tn=p3PuYwOUb0brXnrV&edm=AABBvjUBAAAA&ccb=7-4&oh=00_AT_Rq2eoUDBuvuYovX2a-BIvqeX-CfDb5Q73Gttu9vWzmw&oe=61C17CF9&_nc_sid=83d603
girlstrip.tw,4.0,507.0,2021-12-13 15:18:49,臺中國家歌劇院 National Taichung Theater,"(24.1630051195, 120.6409214834)",https://www.instagram.com/p/CXahTf3vpgo,https://instagram.ftpe7-4.fna.fbcdn.net/v/t51.2885-15/e35/266417327_4733991249977239_1355273995872641087_n.jpg?_nc_ht=instagram.ftpe7-4.fna.fbcdn.net&_nc_cat=107&_nc_ohc=L1AJfvdyocQAX8xFCpK&edm=AABBvjUBAAAA&ccb=7-4&oh=00_AT_riby7PI5XvB9B5nOUADIVI69NYlwMCZsPrQ7T1Lg8ZQ&oe=61C2EE95&_nc_sid=83d603
wiiiin_1118,2752.0,479.0,2021-12-14 19:50:12,TAIPEI 101 MALL 台北 101 購物中心,"(25.0343805984, 121.5644432558)",https://www.instagram.com/p/CXdlKIavAy4,https://instagram.ftpe7-4.fna.fbcdn.net/v/t51.2885-15/e35/p1080x1080/266496359_112005687997323_5213091266339900679_n.jpg?_nc_ht=instagram.ftpe7-4.fna.fbcdn.net&_nc_cat=103&_nc_ohc=HF6ODnseD78AX9UyT4X&edm=AABBvjUBAAAA&ccb=7-4&oh=00_AT93Y-iw6VlyyGcMXzUVX3HGKtnDgv8DFrGjSkeKLz0Ilg&oe=61C27405&_nc_sid=83d603
cwc.chloe,383.0,429.0,2021-12-14 19:59:17,信義區商圈,"(25.0373852903, 121.5668806983)",https://www.instagram.com/p/CXdmMldPuuI,https://instagram.ftpe7-3.fna.fbcdn.net/v/t51.2885-15/sh0.08/e35/s640x640/267317274_427753655679923_5022412715629863904_n.jpg?_nc_ht=instagram.ftpe7-3.fna.fbcdn.net&_nc_cat=111&_nc_ohc=7sshr9JExgAAX-LRbqr&edm=APU89FABAAAA&ccb=7-4&oh=00_AT8irBgtMhJMqoxdYMySdQokJhhoRlqG3aCLIfFbbG_s0w&oe=61C174E3&_nc_sid=86f79a
im_readygo,119.0,414.0,2021-12-13 19:50:29,新北耶誕城,"(25.0133916667, 121.4652116667)",https://www.instagram.com/p/CXbAZTEPalh,https://instagram.ftpe7-4.fna.fbcdn.net/v/t51.2885-15/e35/p1080x1080/266362295_4715518455202183_910868670866262810_n.jpg?_nc_ht=instagram.ftpe7-4.fna.fbcdn.net&_nc_cat=107&_nc_ohc=UxhMwKPoYzUAX9wUznx&edm=AABBvjUBAAAA&ccb=7-4&oh=00_AT8tTQh6b_DwtrsHKKIdZF24jlJ7OLU_eU7MrxdRHyGC4w&oe=61C14FA1&_nc_sid=83d603
tingwei_12.14,583.0,405.0,2021-12-11 00:59:04,板橋市政府 新北耶誕城,"(25.0135340323, 121.4644479901)",https://www.instagram.com/p/CXT1U1zvHMJ,https://instagram.ftpe7-4.fna.fbcdn.net/v/t51.2885-15/e35/p1080x1080/266501117_1605282613140571_3747549825235809632_n.jpg?_nc_ht=instagram.ftpe7-4.fna.fbcdn.net&_nc_cat=107&_nc_ohc=s3XbmfTMOtcAX9OA4eU&edm=AABBvjUBAAAA&ccb=7-4&oh=00_AT9nwAeyUYTBiJKNzLe-4ZX3ialTduL8xlt0yQnLIxdZCQ&oe=61C10CDB&_nc_sid=83d603
kai.dreamer.tw,1159.0,383.0,2021-12-11 18:28:13,廣三SOGO百貨,"(24.15528, 120.66178)",https://www.instagram.com/p/CXVtY_el5pS,https://instagram.ftpe7-4.fna.fbcdn.net/v/t51.2885-15/e35/p1080x1080/266053228_645871289761105_33140832453220544_n.jpg?_nc_ht=instagram.ftpe7-4.fna.fbcdn.net&_nc_cat=101&_nc_ohc=jqQTNSoc4V4AX8SXf4v&edm=AABBvjUBAAAA&ccb=7-4&oh=00_AT_3Rw1KEigg9Zmhbeo53ugMcebay3GXpXFI0wyyDbQ2Eg&oe=61C13C84&_nc_sid=83d603
hannahbabyya,1921.0,366.0,2021-12-13 22:01:39,屏東和平教會（Official）,"(22.67139, 120.47921)",https://www.instagram.com/p/CXbPZ9KPbfu,https://instagram.ftpe7-4.fna.fbcdn.net/v/t51.2885-15/e35/p1080x1080/267106162_486416652786005_4676474411745671903_n.jpg?_nc_ht=instagram.ftpe7-4.fna.fbcdn.net&_nc_cat=105&_nc_ohc=C3yoxLWoPQMAX-5sP9v&edm=AABBvjUBAAAA&ccb=7-4&oh=00_AT9ClVQt_gvMmLWgQA4HQU36yBK5NGmWcJWcuk-JYNmKJA&oe=61C24BEB&_nc_sid=83d603
doris.new0212,844.0,362.0,2021-12-13 21:08:18,新光三越台北信義新天地 A11,"(25.0366621076, 121.5670611633)",https://www.instagram.com/p/CXbJTQrPVly,https://instagram.ftpe7-4.fna.fbcdn.net/v/t51.2885-15/e35/p1080x1080/266501287_452504722946191_5250006317402055215_n.jpg?_nc_ht=instagram.ftpe7-4.fna.fbcdn.net&_nc_cat=107&_nc_ohc=4X1RrHrw-0oAX_79Ag-&edm=AABBvjUBAAAA&ccb=7-4&oh=00_AT8G2Zs7YKlyLdk8s52-5XyOs61mqQXsGw3nZ5xAOM6iMw&oe=61C250BC&_nc_sid=83d603
gourmet__cindy,196.0,360.0,2021-12-14 12:36:20,極鮮火鍋-板橋店,"(25.0155651464, 121.4707494378)",https://www.instagram.com/p/CXczgY3vmOK,https://instagram.ftpe7-1.fna.fbcdn.net/v/t51.2885-15/e35/s1080x1080/267106013_2988758251437594_2900857373691603701_n.jpg?_nc_ht=instagram.ftpe7-1.fna.fbcdn.net&_nc_cat=106&_nc_ohc=tY1Y-Y4EKdYAX8ahj-J&edm=AABBvjUBAAAA&ccb=7-4&oh=00_AT_Zsycp76umYz5Lrjr_Wnxt8kV8Nn2T8E4JAhxjxXINfw&oe=61C15D34&_nc_sid=83d603
a_cat17,847.0,357.0,2021-12-09 19:38:38,廣三SOGO百貨,"(24.15528, 120.66178)",https://www.instagram.com/p/CXQr2-3PKYP,https://instagram.ftpe7-2.fna.fbcdn.net/v/t51.2885-15/e35/p1080x1080/265810177_4153938484706229_1867584474928257230_n.jpg?_nc_ht=instagram.ftpe7-2.fna.fbcdn.net&_nc_cat=109&_nc_ohc=jlVzBrR3y_QAX9faUxR&edm=AABBvjUBAAAA&ccb=7-4&oh=00_AT_jXB67C46-F1ZkekK_Ttq4lu8ii3MEalDW1oBz8ZnokA&oe=61C11A4B&_nc_sid=83d603
mr.wang_x,127.0,357.0,2021-12-13 22:40:41,台中車站前廣場,"(24.1374861974, 120.685284203)",https://www.instagram.com/p/CXbT37Mvmv5,https://instagram.ftpe7-3.fna.fbcdn.net/v/t51.2885-15/e35/p1080x1080/266419964_268094748637628_537067910531531470_n.jpg?_nc_ht=instagram.ftpe7-3.fna.fbcdn.net&_nc_cat=108&_nc_ohc=y2wZg6Q2RSgAX9FIDu6&edm=AABBvjUBAAAA&ccb=7-4&oh=00_AT-xNuixswYCiFehzMZlZXOYnUtXml1REda6rPDQXlyqxQ&oe=61C21E25&_nc_sid=83d603
kai.dreamer.tw,1159.0,304.0,2021-12-14 18:40:21,台中 中友百貨,"(24.1522890809, 120.6849147869)",https://www.instagram.com/p/CXddKeZl66x,https://instagram.ftpe7-1.fna.fbcdn.net/v/t51.2885-15/e35/266259423_639341607488442_3183898073401644732_n.jpg?_nc_ht=instagram.ftpe7-1.fna.fbcdn.net&_nc_cat=106&_nc_ohc=G7Q7dsyayOcAX8qQjYL&edm=AABBvjUBAAAA&ccb=7-4&oh=00_AT-lmdfabL1U6V_slaW9z0qjPFUlJvyxrEj1zpN7WbwoYw&oe=61C0F0D8&_nc_sid=83d603
milktea_drink_it,316.0,298.0,2021-12-09 21:25:42,我們的聖誕趴踢,"(24.8637956305, 120.9851517095)",https://www.instagram.com/p/CXQ4HM_vM36,https://instagram.ftpe7-4.fna.fbcdn.net/v/t51.2885-15/e35/p1080x1080/264804330_134701985602579_7554964271322431511_n.jpg?_nc_ht=instagram.ftpe7-4.fna.fbcdn.net&_nc_cat=107&_nc_ohc=LuHyVhJzh2IAX8qAOxm&edm=AABBvjUBAAAA&ccb=7-4&oh=00_AT-1Z1LsHXtB04km19Plzeye5PS4vmq1st-BDX9wB3Ns6Q&oe=61C23A3A&_nc_sid=83d603
plant_hui,723.0,292.0,2021-12-14 08:31:33,麗寶OUTLET MALL,"(24.324749781, 120.6997650862)",https://www.instagram.com/p/CXcXfkNhvri,https://instagram.ftpe7-3.fna.fbcdn.net/v/t51.2885-15/e35/p1080x1080/266350534_2058712444281476_4932960155245397713_n.jpg?_nc_ht=instagram.ftpe7-3.fna.fbcdn.net&_nc_cat=108&_nc_ohc=iWUfdRbZ5doAX-ak_iE&edm=AABBvjUBAAAA&ccb=7-4&oh=00_AT_nduDa2Z5pMlQuzDUovq_zEZt1coegBQWoHgDT5IiTIA&oe=61C1FD38&_nc_sid=83d603
o_omikilove,519.0,276.0,2021-12-12 12:30:43,六福村主題遊樂園,"(24.821058232, 121.1822051252)",https://www.instagram.com/p/CXXpRfdp51j,https://instagram.ftpe7-3.fna.fbcdn.net/v/t51.2885-15/e35/p1080x1080/266398533_384087610175276_5783041269958834929_n.jpg?_nc_ht=instagram.ftpe7-3.fna.fbcdn.net&_nc_cat=108&_nc_ohc=AjTTHS4fp3wAX-n03Tt&tn=p3PuYwOUb0brXnrV&edm=AABBvjUBAAAA&ccb=7-4&oh=00_AT-GkfpqMiUFT7OY03J9bm0HAaQTZR5ezuKwyou71dTDfg&oe=61C2D718&_nc_sid=83d603
tna.929_,371.0,276.0,2021-12-09 14:38:49,台北小巨蛋冰上樂園,"(25.05664933, 121.555843505)",https://www.instagram.com/p/CXQJjDYPZM4,https://instagram.ftpe7-3.fna.fbcdn.net/v/t51.2885-15/e35/s1080x1080/265075529_1247290802420207_583564155874042935_n.jpg?_nc_ht=instagram.ftpe7-3.fna.fbcdn.net&_nc_cat=111&_nc_ohc=0NmFkEZU4MEAX8w-TOk&edm=AABBvjUBAAAA&ccb=7-4&oh=00_AT_OIqBqlSxW5_tl0TFpBZBoCUpxmHl8y95p1UTLyY51_w&oe=61C18400&_nc_sid=83d603
joey60109,1041.0,265.0,2021-12-13 22:13:48,信義區商圈,"(25.0373852903, 121.5668806983)",https://www.instagram.com/p/CXbQy-hvMEZ,https://instagram.ftpe7-3.fna.fbcdn.net/v/t51.2885-15/e35/p1080x1080/266368959_600338207915108_3541426671448021684_n.jpg?_nc_ht=instagram.ftpe7-3.fna.fbcdn.net&_nc_cat=108&_nc_ohc=yBFl1ORPWO0AX9-mdUc&edm=AABBvjUBAAAA&ccb=7-4&oh=00_AT9scX-Ff87G1InwnZyV1SLjSc_Z1KArW1uktOkXwgJIGQ&oe=61C18E17&_nc_sid=83d603
peilintung,1374.0,258.0,2021-12-14 10:07:25,新北耶誕城,"(25.0133916667, 121.4652116667)",https://www.instagram.com/p/CXcidt2lIoJ,https://instagram.ftpe7-1.fna.fbcdn.net/v/t51.2885-15/e35/s1080x1080/266566425_455111936131462_8639100303455074701_n.jpg?_nc_ht=instagram.ftpe7-1.fna.fbcdn.net&_nc_cat=110&_nc_ohc=8wKQN4T2rdMAX8UTJvv&tn=p3PuYwOUb0brXnrV&edm=AABBvjUBAAAA&ccb=7-4&oh=00_AT8s7UFsTHgA2RN4bA-8JDylbr6ITpFZAQMSJvEdiz98Gg&oe=61C2B5F1&_nc_sid=83d603
kwai.food,634.0,253.0,2021-12-14 19:59:38,橫山書法藝術館/桃園市立美術館,"(25.0210399195, 121.2183587779)",https://www.instagram.com/p/CXdmPJhvkql,https://instagram.ftpe7-3.fna.fbcdn.net/v/t51.2885-15/e35/267950012_335332358429606_6516498365465709803_n.jpg?_nc_ht=instagram.ftpe7-3.fna.fbcdn.net&_nc_cat=102&_nc_ohc=-QJ-LQAi4OkAX8Ocjp5&edm=AABBvjUBAAAA&ccb=7-4&oh=00_AT8whOfeNkp-1-DuoE-rjXgEtKgQ2klQMXtXWgRarwDocA&oe=61C1227B&_nc_sid=83d603
hannahbabyya,1921.0,250.0,2021-12-11 21:04:00,新光三越台北信義新天地 A11,"(25.0366621076, 121.5670611633)",https://www.instagram.com/p/CXV_N-OPf1b,https://instagram.ftpe7-4.fna.fbcdn.net/v/t51.2885-15/e35/266679405_421219706370903_5706128234975406588_n.jpg?_nc_ht=instagram.ftpe7-4.fna.fbcdn.net&_nc_cat=103&_nc_ohc=JRIc3mz9ndcAX-wiuRi&edm=ABZsPhsBAAAA&ccb=7-4&oh=00_AT8RtrXKO_FtCdNefHswPbgvU78hT8BESjl0ZGdi9PQQXA&oe=61C22B3F&_nc_sid=4efc9f&ig_cache_key=MjcyNjM2MzE4NjUzNzAzNzE0Nw%3D%3D.2-ccb7-4
12345_candy,35.0,241.0,2021-12-14 13:36:57,"Taipei, Taiwan","(25.0458, 121.5339)",https://www.instagram.com/p/CXc6cRzvMDD,https://instagram.ftpe7-1.fna.fbcdn.net/v/t51.2885-15/e35/p1080x1080/266693733_1487318641668012_8663698174113552099_n.jpg?_nc_ht=instagram.ftpe7-1.fna.fbcdn.net&_nc_cat=100&_nc_ohc=XKAxVEoLjiwAX-TDHU1&edm=AABBvjUBAAAA&ccb=7-4&oh=00_AT-6jikX1ghSPa4HLBGbaLYrnyywcHVAUSWfMlgQTvQXwg&oe=61C236EC&_nc_sid=83d603
babynina.tw,1042.0,240.0,2021-12-14 22:28:13,"Taipei, Taiwan","(25.0458, 121.5339)",https://www.instagram.com/p/CXd3Pe8Prkc,https://instagram.ftpe7-4.fna.fbcdn.net/v/t51.2885-15/e35/p1080x1080/266536172_986130241980865_6391418570663775952_n.jpg?_nc_ht=instagram.ftpe7-4.fna.fbcdn.net&_nc_cat=101&_nc_ohc=XJAZUnZEpjAAX9SGWE7&tn=p3PuYwOUb0brXnrV&edm=AABBvjUBAAAA&ccb=7-4&oh=00_AT_xoASH3uRZYD4qimFjPX1pOiihEsw5sJwXsU9Tz7x8mQ&oe=61C1209E&_nc_sid=83d603
tiffanylaiii,814.0,234.0,2021-12-12 16:23:16,Plan B 歐陸街頭市集小酒館,"(25.04239, 121.5516)",https://www.instagram.com/p/CXYD4vuJODd,https://instagram.ftpe7-2.fna.fbcdn.net/v/t51.2885-15/e35/p1080x1080/266011026_653216675845348_6646673594635573762_n.jpg?_nc_ht=instagram.ftpe7-2.fna.fbcdn.net&_nc_cat=104&_nc_ohc=iAo4Q1Jd0oUAX8rlCc4&tn=p3PuYwOUb0brXnrV&edm=AABBvjUBAAAA&ccb=7-4&oh=00_AT_A0Fo772EllGNcfKKKPD8A4A-MlL7-F98zKnHHXVrv8w&oe=61C1CABB&_nc_sid=83d603
dorissdiadem,804.0,232.0,2021-12-13 22:31:43,廣三SOGO百貨,"(24.15528, 120.66178)",https://www.instagram.com/p/CXbS2LcPuXn,https://instagram.ftpe7-2.fna.fbcdn.net/v/t51.2885-15/e35/p1080x1080/266654044_607212363861844_4075406457798393084_n.jpg?_nc_ht=instagram.ftpe7-2.fna.fbcdn.net&_nc_cat=104&_nc_ohc=AL4GB5hyAioAX8JGV1G&edm=AABBvjUBAAAA&ccb=7-4&oh=00_AT94Ed-pYSR1unb_flHmvui0H-1HiS53spAurrEeLLJfxw&oe=61C19991&_nc_sid=83d603
scarlett_funnybaby,947.0,229.0,2021-12-09 00:20:30,信義區商圈,"(25.0373852903, 121.5668806983)",https://www.instagram.com/p/CXOnUiLv6ni,https://instagram.ftpe7-1.fna.fbcdn.net/v/t51.2885-15/e35/p1080x1080/265347125_974262756810366_6680594788930483733_n.jpg?_nc_ht=instagram.ftpe7-1.fna.fbcdn.net&_nc_cat=106&_nc_ohc=CTj1tqBks2UAX-W7ulo&edm=AABBvjUBAAAA&ccb=7-4&oh=00_AT-oiHcHCiUG0UMf3Ku9G4RDttZSEnX-oCbBgOd7GVc6_w&oe=61C0F940&_nc_sid=83d603
chabu1nihao,1361.0,226.0,2021-12-10 18:24:27,板橋市政府 新北耶誕城,"(25.0135340323, 121.4644479901)",https://www.instagram.com/p/CXTIKhzPuBo,https://instagram.ftpe7-2.fna.fbcdn.net/v/t51.2885-15/e35/s1080x1080/266098606_618952345914784_7219690202393526683_n.jpg?_nc_ht=instagram.ftpe7-2.fna.fbcdn.net&_nc_cat=104&_nc_ohc=-F6TJjXuJQgAX-dH-yH&edm=AABBvjUBAAAA&ccb=7-4&oh=00_AT_IuhocROGxXh9eAdtlgXX-AeIy05I6xcp2Is2Op49wAQ&oe=61C146DF&_nc_sid=83d603
__meiiing__,423.0,217.0,2021-12-12 23:04:02,新光三越 台中中港店,"(24.1649964815, 120.6434045451)",https://www.instagram.com/p/CXYxv-0PHXy,https://instagram.ftpe7-1.fna.fbcdn.net/v/t51.2885-15/e35/p1080x1080/267140977_1089761668425576_3933103335603485415_n.jpg?_nc_ht=instagram.ftpe7-1.fna.fbcdn.net&_nc_cat=100&_nc_ohc=poemkuUFQWEAX-H8uAI&edm=AABBvjUBAAAA&ccb=7-4&oh=00_AT_neIEWML8aOLnUFMxplsLxFH5XIMegXHBrcb8zcTn8cg&oe=61C26FDC&_nc_sid=83d603
seanhung0723,402.0,206.0,2021-12-13 17:00:38,信義區商圈,"(25.0373852903, 121.5668806983)",https://www.instagram.com/p/CXas9SNBhoi,https://instagram.ftpe7-2.fna.fbcdn.net/v/t51.2885-15/e35/p1080x1080/266398533_4752854024773756_5587515841519357792_n.jpg?_nc_ht=instagram.ftpe7-2.fna.fbcdn.net&_nc_cat=104&_nc_ohc=lGe7kFJND-gAX84szh0&edm=AABBvjUBAAAA&ccb=7-4&oh=00_AT-4guYQCeBhPKDKyhNxF0uq3J3slaTZ_6--n5svNj2DpA&oe=61C1EEDD&_nc_sid=83d603
lianasu1108,530.0,205.0,2021-12-12 21:00:44,文藻外語大學,"(22.6701544581, 120.3190485108)",https://www.instagram.com/p/CXYjo7XPn9w,https://instagram.ftpe7-4.fna.fbcdn.net/v/t51.2885-15/e35/p1080x1080/267001133_447461146984147_4925416867358554122_n.jpg?_nc_ht=instagram.ftpe7-4.fna.fbcdn.net&_nc_cat=107&_nc_ohc=JImb8pwYmnMAX97e0Qe&edm=AABBvjUBAAAA&ccb=7-4&oh=00_AT_5m3k_Uzu0QaG3wCFsTXaKb8UXQfSSJQLpPNDThhOs4w&oe=61C2B749&_nc_sid=83d603
donbear1978,1900.0,197.0,2021-12-14 19:05:21,台南市立圖書館新總館,"(23.02515, 120.237071665)",https://www.instagram.com/p/CXdgBjtJzw9,https://instagram.ftpe7-1.fna.fbcdn.net/v/t51.2885-15/e35/s1080x1080/267222196_3008410776046150_3627945881411585997_n.jpg?_nc_ht=instagram.ftpe7-1.fna.fbcdn.net&_nc_cat=110&_nc_ohc=1sMoKod4KBQAX9xDd3c&edm=AABBvjUBAAAA&ccb=7-4&oh=00_AT-HY2bIsEyDNpqr7sjHyGLuUg60moCEkd8sOEWLMEJoug&oe=61C13DF6&_nc_sid=83d603
__rrr09.27rrr__,1061.0,193.0,2021-12-14 22:37:04,TAIPEI 101 MALL 台北 101 購物中心,"(25.0343805984, 121.5644432558)",https://www.instagram.com/p/CXd4QTkPyl8,https://instagram.ftpe7-2.fna.fbcdn.net/v/t51.2885-15/e35/p1080x1080/267376905_650328309709744_2543252714057117232_n.jpg?_nc_ht=instagram.ftpe7-2.fna.fbcdn.net&_nc_cat=104&_nc_ohc=_aiKEXfOo30AX-qPyjF&edm=AABBvjUBAAAA&ccb=7-4&oh=00_AT-NzZ3MuhyF-okMkn1qIkzVW8m6F3MY1Q0KD5AC4s0Stg&oe=61C0EB68&_nc_sid=83d603
kkkkk3428,394.0,193.0,2021-12-10 21:02:10,新北歡樂耶誕誠,"(25.0260080133, 121.4749449492)",https://www.instagram.com/p/CXTaNqFvTGF,https://instagram.ftpe7-3.fna.fbcdn.net/v/t51.2885-15/e35/265624736_422165706068510_7571556288213770308_n.jpg?_nc_ht=instagram.ftpe7-3.fna.fbcdn.net&_nc_cat=102&_nc_ohc=2c6QeXH88B0AX9jgugG&edm=ABZsPhsBAAAA&ccb=7-4&oh=00_AT-8rgIxYegheHj6Fid9UcKnVCnr141er9Gl8KQqtb1ogA&oe=61C2D5F7&_nc_sid=4efc9f&ig_cache_key=MjcyNTYzNzQ4NzI0NTIwOTk4OQ%3D%3D.2-ccb7-4
andrea_n_sasha,500.0,188.0,2021-12-13 00:20:05,新光三越台北信義新天地 A11,"(25.0366621076, 121.5670611633)",https://www.instagram.com/p/CXY6dAtP0JS,https://instagram.ftpe7-3.fna.fbcdn.net/v/t51.2885-15/e35/p1080x1080/266722173_958963121692874_500111110649188414_n.jpg?_nc_ht=instagram.ftpe7-3.fna.fbcdn.net&_nc_cat=102&_nc_ohc=N8Nx3MuE7-oAX-OxCOO&edm=AABBvjUBAAAA&ccb=7-4&oh=00_AT-s6yPEP-rLGuJ1w-7jldSyHVOx5u5HBhwAjKLUm9cWhg&oe=61C21166&_nc_sid=83d603
kaka__407,793.0,183.0,2021-12-12 22:33:39,Bellavita寶麗廣場 - 貴婦百貨信義區,"(25.0458, 121.5339)",https://www.instagram.com/p/CXYuRgvvS0d,https://instagram.ftpe7-2.fna.fbcdn.net/v/t51.2885-15/e35/p1080x1080/266063708_115772034271437_5608480711354258231_n.jpg?_nc_ht=instagram.ftpe7-2.fna.fbcdn.net&_nc_cat=109&_nc_ohc=QcLaUCliAecAX-z1RL-&edm=AABBvjUBAAAA&ccb=7-4&oh=00_AT-zWFegS9LtJOt6c_vUHIP2--lyAa7XIm1XYASO7Tq0tQ&oe=61C202D8&_nc_sid=83d603
t1de_422,702.0,183.0,2021-12-14 21:02:37,桃園楊梅市,"(24.9057956144, 121.178174458)",https://www.instagram.com/p/CXdtccZBm9X,https://instagram.ftpe7-3.fna.fbcdn.net/v/t51.2885-15/e35/p1080x1080/266625080_641144873995235_3124244357864414236_n.jpg?_nc_ht=instagram.ftpe7-3.fna.fbcdn.net&_nc_cat=111&_nc_ohc=77QwXoSoK5AAX-YjlNq&edm=AABBvjUBAAAA&ccb=7-4&oh=00_AT_oGQgeaZwvBj61_SRQ8s5A8DIxQ8BgKCRyTIlhIHWnow&oe=61C17462&_nc_sid=83d603
hua_hua_pig724,1387.0,180.0,2021-12-11 19:44:08,捷運中山站線形公園,"(25.0542112989, 121.5205394433)",https://www.instagram.com/p/CXV2FF3Pqtq,https://instagram.ftpe7-1.fna.fbcdn.net/v/t51.2885-15/e35/p1080x1080/265643108_630711431409202_3752858753132473712_n.jpg?_nc_ht=instagram.ftpe7-1.fna.fbcdn.net&_nc_cat=110&_nc_ohc=4CXfnVWGaj8AX-k7lkh&edm=AABBvjUBAAAA&ccb=7-4&oh=00_AT_oSkaXCb4pP_QDm7xCn5roF_-2KyT-Snzd6TUDKrt5zg&oe=61C253B1&_nc_sid=83d603
kitty0717,1065.0,175.0,2021-12-10 19:52:22,板橋萬坪都會公園,"(25.0131611757, 121.4615510592)",https://www.instagram.com/p/CXTSOfnB142,https://instagram.ftpe7-4.fna.fbcdn.net/v/t51.2885-15/e35/p1080x1080/266028835_3474764005981609_5613122923264858363_n.jpg?_nc_ht=instagram.ftpe7-4.fna.fbcdn.net&_nc_cat=101&_nc_ohc=bfl0VDRyolsAX_a3qLH&edm=AABBvjUBAAAA&ccb=7-4&oh=00_AT-Jt8gaTHSpuM2-I1IXhTVle8-7zq9tbmTFKBY82dHERg&oe=61C123AF&_nc_sid=83d603
joyce77171,1033.0,174.0,2021-12-09 21:21:00,"Mandarin Oriental, Taipei 台北文華東方酒店","(25.0557416, 121.5481485)",https://www.instagram.com/p/CXQ3kw8v_P8,https://instagram.ftpe7-1.fna.fbcdn.net/v/t51.2885-15/e35/p1080x1080/266241514_455642552641602_4120439992190204540_n.jpg?_nc_ht=instagram.ftpe7-1.fna.fbcdn.net&_nc_cat=106&_nc_ohc=yF-86HLLWeMAX8FLZNG&edm=AABBvjUBAAAA&ccb=7-4&oh=00_AT8a93dXkzPgSxFeKrD4Hpu11d5DWKkRwci4YX5G0GC83Q&oe=61C285A1&_nc_sid=83d603
baozi_0826,997.0,173.0,2021-12-13 19:17:37,TAIPEI 101 MALL 台北 101 購物中心,"(25.0343805984, 121.5644432558)",https://www.instagram.com/p/CXa8omZp-e0,https://instagram.ftpe7-2.fna.fbcdn.net/v/t51.2885-15/e35/s1080x1080/266616051_446076133743676_883161440216019776_n.jpg?_nc_ht=instagram.ftpe7-2.fna.fbcdn.net&_nc_cat=104&_nc_ohc=uByg-62_mHkAX_UgBMD&edm=AABBvjUBAAAA&ccb=7-4&oh=00_AT_TKdWYrUPuCtpWR_N__U0XZKz7mac3m2wCk-Mevd_w9Q&oe=61C0FBEA&_nc_sid=83d603
katestlc,1072.0,162.0,2021-12-10 10:53:50,聖誕節快樂,"(25.0184154, 121.4651094)",https://www.instagram.com/p/CXSUmJLPTxT,https://instagram.ftpe7-2.fna.fbcdn.net/v/t51.2885-15/e35/p1080x1080/264804206_1112580569509864_252898021989324002_n.jpg?_nc_ht=instagram.ftpe7-2.fna.fbcdn.net&_nc_cat=104&_nc_ohc=YOKsiWRiv78AX_rXbcr&edm=AABBvjUBAAAA&ccb=7-4&oh=00_AT8CjgXGz7j8Cpu2n049wzc4UD_oUrFyEgdNmW1X-0BKuA&oe=61C17474&_nc_sid=83d603
miniminitin,437.0,152.0,2021-12-13 22:12:08,鴨鴨公園,"(25.0485018406, 121.4904910171)",https://www.instagram.com/p/CXbQm0ABdpV,https://instagram.ftpe7-3.fna.fbcdn.net/v/t51.2885-15/e35/266797790_2044035189096635_9055282358913950728_n.jpg?_nc_ht=instagram.ftpe7-3.fna.fbcdn.net&_nc_cat=111&_nc_ohc=kmAglk9GtvUAX8HR-Gg&tn=qslcWGLUZOVNi3iQ&edm=ABZsPhsBAAAA&ccb=7-4&oh=00_AT8ujb1MOu8uc6zgKmVOlcIwrNRclp2KrTEHXPz84vNjog&oe=61C172D3&_nc_sid=4efc9f&ig_cache_key=MjcyNzg0NzAzNTIyMjIxOTM0OQ%3D%3D.2-ccb7-4
b_macarons,113.0,151.0,2021-12-10 20:01:15,"Tainan, Taiwan","(22.9833, 120.183)",https://www.instagram.com/p/CXTTPiqvWbU,https://instagram.ftpe7-4.fna.fbcdn.net/v/t51.2885-15/e35/264932078_258688066246323_2647180367417151885_n.jpg?_nc_ht=instagram.ftpe7-4.fna.fbcdn.net&_nc_cat=103&_nc_ohc=J5GoiqqfUdMAX97FK8o&edm=ABZsPhsBAAAA&ccb=7-4&oh=00_AT9WFmKC1s6QvJzeX9uTKGIxmaP-nAl9NKrIbWrmEn4hYg&oe=61C0F5CB&_nc_sid=4efc9f&ig_cache_key=MjcyNTYwNjgzMDM4OTQyMTc4MA%3D%3D.2-ccb7-4
kaka__407,793.0,148.0,2021-12-11 17:04:05,信義區商圈,"(25.0373852903, 121.5668806983)",https://www.instagram.com/p/CXVjw2-F1aj,https://instagram.ftpe7-1.fna.fbcdn.net/v/t51.2885-15/e35/p1080x1080/265976931_925421871482742_5778420319610434183_n.jpg?_nc_ht=instagram.ftpe7-1.fna.fbcdn.net&_nc_cat=106&_nc_ohc=47IaUXpl3JMAX99aj-r&edm=AABBvjUBAAAA&ccb=7-4&oh=00_AT9Cm9eC_WOb6Ms5AfYrqxFwD1nVyfXksPkoNLNNf92F2g&oe=61C1183E&_nc_sid=83d603
ab.03.24,352.0,145.0,2021-12-13 01:16:20,潛立方旅館（潛水旅館）Divecube Hotel,"(24.17604, 120.62109)",https://www.instagram.com/p/CXZA5BcP-Hj,https://instagram.ftpe7-2.fna.fbcdn.net/v/t51.2885-15/e35/266196521_879182366091285_678910079982376816_n.jpg?_nc_ht=instagram.ftpe7-2.fna.fbcdn.net&_nc_cat=109&_nc_ohc=YH1xQBhcHZsAX8LFyrd&edm=ABZsPhsBAAAA&ccb=7-4&oh=00_AT-i_R1TXPsEvasH1dNhgdHLb6qPleiH4WazGZMQ6a6VZg&oe=61C16409&_nc_sid=4efc9f&ig_cache_key=MjcyNzIxNDk2NzkwNzQxMDQwMw%3D%3D.2-ccb7-4
mifinunu,510.0,143.0,2021-12-14 23:57:55,Starbucks星巴克 誠品武昌店,"(25.0450297009, 121.505375777)",https://www.instagram.com/p/CXeBgYOPf_n,https://instagram.ftpe7-4.fna.fbcdn.net/v/t51.2885-15/e35/s1080x1080/266820711_952681185631069_3330339624273365566_n.jpg?_nc_ht=instagram.ftpe7-4.fna.fbcdn.net&_nc_cat=101&_nc_ohc=fjdCfVAqZ_kAX8wNLTX&tn=p3PuYwOUb0brXnrV&edm=AABBvjUBAAAA&ccb=7-4&oh=00_AT_dsx1S-mg1K-TeDTYC1tkBCU7AJsUgFd5xynWBWGScUg&oe=61C1EF74&_nc_sid=83d603
sieg_ellie,980.0,135.0,2021-12-10 00:47:45,TAIPEI 101 MALL 台北 101 購物中心,"(25.0343805984, 121.5644432558)",https://www.instagram.com/p/CXRPPAuPwHB,https://instagram.ftpe7-3.fna.fbcdn.net/v/t51.2885-15/e35/p1080x1080/266013396_307129991142116_6120519373185662542_n.jpg?_nc_ht=instagram.ftpe7-3.fna.fbcdn.net&_nc_cat=108&_nc_ohc=yzBNsh4FzV4AX8zij8f&tn=p3PuYwOUb0brXnrV&edm=AABBvjUBAAAA&ccb=7-4&oh=00_AT8IQJ5kQIoEQG1GaMu2ELx5snB6FKEvA-MrAqi332uZXA&oe=61C28ED3&_nc_sid=83d603
weichun618,875.0,135.0,2021-12-14 20:51:07,中山站商圈,"(25.0523695, 121.5217083333)",https://www.instagram.com/p/CXdsITdvcJb,https://instagram.ftpe7-1.fna.fbcdn.net/v/t51.2885-15/e35/p1080x1080/266555411_314820750502758_7852671752728465249_n.jpg?_nc_ht=instagram.ftpe7-1.fna.fbcdn.net&_nc_cat=106&_nc_ohc=fL_ahpq95iQAX_rqnB9&edm=AABBvjUBAAAA&ccb=7-4&oh=00_AT_5FiVTIPerCpTz7DTOpWRtPZWNy89HaGCbyyhUsExDww&oe=61C2139F&_nc_sid=83d603
x90391,695.0,135.0,2021-12-12 10:52:25,板橋市政府 新北耶誕城,"(25.0135340323, 121.4644479901)",https://www.instagram.com/p/CXXeBhchg4L,https://instagram.ftpe7-3.fna.fbcdn.net/v/t51.2885-15/e35/265962723_322876162988816_6504936185346175556_n.jpg?_nc_ht=instagram.ftpe7-3.fna.fbcdn.net&_nc_cat=108&_nc_ohc=gMDfuOFC2hsAX-zq_0x&edm=AABBvjUBAAAA&ccb=7-4&oh=00_AT9zsqOSmyL_6JebtfhwHoddorZ2ig2J0RPcBaObJuKf6w&oe=61C267F2&_nc_sid=83d603
garyrbchen,1706.0,134.0,2021-12-11 19:42:18,晶華酒店三樓宴會廳,"(25.0542143316, 121.5242667496)",https://www.instagram.com/p/CXV13oXP1Jk,https://instagram.ftpe7-3.fna.fbcdn.net/v/t51.2885-15/e35/p1080x1080/265909254_4067474556685358_6326342667074295970_n.jpg?_nc_ht=instagram.ftpe7-3.fna.fbcdn.net&_nc_cat=102&_nc_ohc=Oo6E1p9s20UAX-ne89l&edm=AABBvjUBAAAA&ccb=7-4&oh=00_AT-l67n66L7D0QwHnrSwQBO4r5fCeBaEUZF2rT1bOjuZmw&oe=61C21C4E&_nc_sid=83d603
gracefu329,343.0,130.0,2021-12-12 22:20:58,新北歡樂耶誕誠,"(25.0260080133, 121.4749449492)",https://www.instagram.com/p/CXYs0myBteb,https://instagram.ftpe7-3.fna.fbcdn.net/v/t51.2885-15/e35/p1080x1080/266555447_325197199220495_7122599110682297911_n.jpg?_nc_ht=instagram.ftpe7-3.fna.fbcdn.net&_nc_cat=111&_nc_ohc=-bAmh8iL3NMAX9PrnR7&tn=p3PuYwOUb0brXnrV&edm=AABBvjUBAAAA&ccb=7-4&oh=00_AT_bD0s4Cfv9dszhE2EQhNO-XnbZH30h2Ojv3P11FZYvjg&oe=61C13F2C&_nc_sid=83d603
overture.taichung,734.0,127.0,2021-12-14 14:07:18,Overture 序曲,"(24.1641186154, 120.6891863613)",https://www.instagram.com/p/CXc96oBvuuq,https://instagram.ftpe7-2.fna.fbcdn.net/v/t51.2885-15/e35/267317194_249319557290896_2219429599719914696_n.jpg?_nc_ht=instagram.ftpe7-2.fna.fbcdn.net&_nc_cat=104&_nc_ohc=bS8chYZGKGsAX_v_-ma&edm=ABZsPhsBAAAA&ccb=7-4&oh=00_AT81vURZ-4hM6Uvm_y9bMT3DTVdRHyeHH1e8sARkHpD5sw&oe=61C1290A&_nc_sid=4efc9f&ig_cache_key=MjcyODMyNzc4MzgyNTQ2ODMzMA%3D%3D.2-ccb7-4
belitalove1027,113.0,123.0,2021-12-12 21:28:52,TAIPEI 101 MALL 台北 101 購物中心,"(25.0343805984, 121.5644432558)",https://www.instagram.com/p/CXYm3AXv7rt,https://instagram.ftpe7-1.fna.fbcdn.net/v/t51.2885-15/e35/p1080x1080/266746788_640403233648990_8648193663019618763_n.jpg?_nc_ht=instagram.ftpe7-1.fna.fbcdn.net&_nc_cat=110&_nc_ohc=1YghZrA6EzUAX9sS24R&edm=AABBvjUBAAAA&ccb=7-4&oh=00_AT99476iO0lGzRfPVpvjFnk6S6fbMOcKKu33eYK9Gaa-Ig&oe=61C245F2&_nc_sid=83d603
yuzhen.5,2204.0,122.0,2021-12-12 19:24:54,TAIPEI 101 MALL 台北 101 購物中心,"(25.0343805984, 121.5644432558)",https://www.instagram.com/p/CXYYrEGp69U,https://instagram.ftpe7-3.fna.fbcdn.net/v/t51.2885-15/e35/266335809_209461084694006_2424819477863373862_n.jpg?_nc_ht=instagram.ftpe7-3.fna.fbcdn.net&_nc_cat=102&_nc_ohc=rnh5t6UYQU8AX9_iFY8&edm=ABZsPhsBAAAA&ccb=7-4&oh=00_AT9FZD3uHYTJozbu1ARtld3WphdHpfTqhGWcDsbk3u-IDQ&oe=61C2BCE8&_nc_sid=4efc9f&ig_cache_key=MjcyNzAzODA4NjgzMzIyMTQ2MA%3D%3D.2-ccb7-4
chinghui_c,703.0,120.0,2021-12-14 20:11:47,宜蘊婦產科診所 生殖醫學,"(25.0336756609, 121.5421074629)",https://www.instagram.com/p/CXdnoIsv6cn,https://instagram.ftpe7-3.fna.fbcdn.net/v/t51.2885-15/e35/p1080x1080/267111174_616758992865644_7676824981467662062_n.jpg?_nc_ht=instagram.ftpe7-3.fna.fbcdn.net&_nc_cat=108&_nc_ohc=G56j8jjD9LsAX_Zs0ai&edm=AABBvjUBAAAA&ccb=7-4&oh=00_AT82buENhEpp13ATD2D7zYSrQk-5kqHoe0vKs-teC03RXg&oe=61C299F1&_nc_sid=83d603
pomelo_wang1810,2875.0,117.0,2021-12-12 23:56:44,板橋市政府 新北耶誕城,"(25.0135340323, 121.4644479901)",https://www.instagram.com/p/CXY3x9dvgCh,https://instagram.ftpe7-3.fna.fbcdn.net/v/t51.2885-15/e35/p1080x1080/266094643_695480241366302_8615467317091101248_n.jpg?_nc_ht=instagram.ftpe7-3.fna.fbcdn.net&_nc_cat=102&_nc_ohc=NkYB20mxNGwAX8ib_Ys&edm=AABBvjUBAAAA&ccb=7-4&oh=00_AT-HEkROj8laV7oE0Fo3pEHKSB14-BoIPwgtKY_5yB2y5A&oe=61C16F88&_nc_sid=83d603
wwjd770803,1257.0,115.0,2021-12-11 09:58:16,Big City遠東巨城購物中心,"(24.8098172855, 120.97484103)",https://www.instagram.com/p/CXUzB_7JVSA,https://instagram.ftpe7-1.fna.fbcdn.net/v/t51.2885-15/e35/p1080x1080/265696353_334560655148806_6068789301057305711_n.jpg?_nc_ht=instagram.ftpe7-1.fna.fbcdn.net&_nc_cat=110&_nc_ohc=OCIOApHDT7oAX8ApCcg&edm=AABBvjUBAAAA&ccb=7-4&oh=00_AT8rcyLangvECFtrlPDnr56VD_kMlUY5YYv6Zl3leEY79g&oe=61C24181&_nc_sid=83d603
milovat_1129,494.0,115.0,2021-12-13 14:03:48,臺中國家歌劇院 National Taichung Theater,"(24.1630051195, 120.6409214834)",https://www.instagram.com/p/CXaYuGLJYBn,https://instagram.ftpe7-4.fna.fbcdn.net/v/t51.2885-15/e35/p1080x1080/267601678_2981956158786397_8988329968647777985_n.jpg?_nc_ht=instagram.ftpe7-4.fna.fbcdn.net&_nc_cat=101&_nc_ohc=sicKNYHy16wAX-_pG28&edm=AABBvjUBAAAA&ccb=7-4&oh=00_AT9nDvumRGWw8wMhyrZirDfXaoiMhTF7wYdYE3CC7YW-1w&oe=61C23B25&_nc_sid=83d603
antibes_fashion,353.0,114.0,2021-12-14 19:18:12,安緹布,"(24.0531692059, 120.4386654529)",https://www.instagram.com/p/CXdhftnvBMe,https://instagram.ftpe7-1.fna.fbcdn.net/v/t51.2885-15/e35/p1080x1080/266876972_196876015900738_4500869043033129756_n.jpg?_nc_ht=instagram.ftpe7-1.fna.fbcdn.net&_nc_cat=110&_nc_ohc=0m1MuF_Vsp4AX_SuKZa&edm=AABBvjUBAAAA&ccb=7-4&oh=00_AT_bRpSfYfJwn9dkFjqq8SxhdDWaP-Gl1efDnCwrucJcYg&oe=61C2D848&_nc_sid=83d603
sonson0810,263.0,114.0,2021-12-13 22:45:57,Taipei,"(25.029359, 121.552595)",https://www.instagram.com/p/CXbUeZvNU94,https://instagram.ftpe7-1.fna.fbcdn.net/v/t51.2885-15/e35/p1080x1080/266671992_1461236314270030_5525663369530085029_n.jpg?_nc_ht=instagram.ftpe7-1.fna.fbcdn.net&_nc_cat=110&_nc_ohc=7y_rDnPoXiUAX9f8Jzv&tn=p3PuYwOUb0brXnrV&edm=AABBvjUBAAAA&ccb=7-4&oh=00_AT-UtzLZJV7slbu_d2uabBgKpTdtGNd0-FFHkbP9dEGQ8Q&oe=61C0F95F&_nc_sid=83d603
q22764609,504.0,113.0,2021-12-14 09:33:57,寶麗廣場 - 聽說是貴婦廣場,"(25.0363304267, 121.5277069067)",https://www.instagram.com/p/CXceokspxud,https://instagram.ftpe7-2.fna.fbcdn.net/v/t51.2885-15/e35/p1080x1080/267593302_447713133428673_5740758890972530306_n.jpg?_nc_ht=instagram.ftpe7-2.fna.fbcdn.net&_nc_cat=109&_nc_ohc=xq9Drs9GFhYAX_ZIAnM&tn=p3PuYwOUb0brXnrV&edm=AABBvjUBAAAA&ccb=7-4&oh=00_AT9Nm-rL_3o0viRI3RPF04X1mI671LZY9WJHUG8kWrZ7Ug&oe=61C218FE&_nc_sid=83d603
pmsh_meme,3.0,113.0,2021-12-10 18:18:49,聖誕前夕,"(23.7048525, 120.5298237)",https://www.instagram.com/p/CXTHhTCv1n0,https://instagram.ftpe7-2.fna.fbcdn.net/v/t51.2885-15/e35/265583712_929943464558205_3776221150799585591_n.jpg?_nc_ht=instagram.ftpe7-2.fna.fbcdn.net&_nc_cat=109&_nc_ohc=A5X5nFNkvnkAX832ih6&edm=ABZsPhsBAAAA&ccb=7-4&oh=00_AT8sMRSJMpa0ht_UsTGZH9D98uyfpGUEMt_Q30_C3bFSgg&oe=61C2468F&_nc_sid=4efc9f&ig_cache_key=MjcyNTU1NTI3NDAwNDc4MTU1Ng%3D%3D.2-ccb7-4
a901531,138.0,112.0,2021-12-14 16:42:26,板橋大遠百,"(25.01369, 121.46663)",https://www.instagram.com/p/CXdPq0fDYfC,https://instagram.ftpe7-4.fna.fbcdn.net/v/t51.2885-15/e35/p1080x1080/267844641_321102232988203_8439475304178481635_n.jpg?_nc_ht=instagram.ftpe7-4.fna.fbcdn.net&_nc_cat=107&_nc_ohc=pj1tGBB1-B4AX-fx4vt&edm=AABBvjUBAAAA&ccb=7-4&oh=00_AT8yPS5YXAiDQ8KuYEtp63ejEryWyViiz_uX_VDpnvj6aQ&oe=61C12C5D&_nc_sid=83d603
yuzhen.5,2204.0,111.0,2021-12-14 22:15:54,TAIPEI 101 MALL 台北 101 購物中心,"(25.0343805984, 121.5644432558)",https://www.instagram.com/p/CXd11M5pAiQ,https://instagram.ftpe7-1.fna.fbcdn.net/v/t51.2885-15/e35/266945814_297005015769696_8127405065804819632_n.jpg?_nc_ht=instagram.ftpe7-1.fna.fbcdn.net&_nc_cat=100&_nc_ohc=jva1F1VyuooAX9XvAJv&edm=ABZsPhsBAAAA&ccb=7-4&oh=00_AT89WlZDwjNEoUTFMEA8y_8d22Gec0aWN4x_eitCR5tOxw&oe=61C0F894&_nc_sid=4efc9f&ig_cache_key=MjcyODU3MzcwMTcwNTY5NzQyNA%3D%3D.2-ccb7-4
mr.jo_111,165.0,111.0,2021-12-14 19:25:07,新北耶誕城,"(25.0420356, 121.6210036)",https://www.instagram.com/p/CXdiSU8IvyN,https://instagram.ftpe7-4.fna.fbcdn.net/v/t51.2885-15/fr/e15/s1080x1080/267222563_600421161208421_7189367704486651821_n.jpg?_nc_ht=instagram.ftpe7-4.fna.fbcdn.net&_nc_cat=105&_nc_ohc=7WZPZ1ycXkIAX8Tp5pp&tn=qslcWGLUZOVNi3iQ&edm=ABZsPhsBAAAA&ccb=7-4&oh=00_AT9_J3evSld_QSbgS2PUFuZm7yJhEsHhts9kJ8-2R59d_w&oe=61C27EDD&_nc_sid=4efc9f&ig_cache_key=MjcyODQ4Nzc0MjI3MjEwOTcwOQ%3D%3D.2-ccb7-4
pinkynail0202,28.0,111.0,2021-12-14 10:41:27,PinkyNail藝術美甲,"(25.0514238652, 121.563763271)",https://www.instagram.com/p/CXcmW6jhpQF,https://instagram.ftpe7-3.fna.fbcdn.net/v/t51.2885-15/e35/267153976_1049646429161870_7815634541048292399_n.jpg?_nc_ht=instagram.ftpe7-3.fna.fbcdn.net&_nc_cat=102&_nc_ohc=yq_SZtitqbEAX8EKPH2&edm=ABZsPhsBAAAA&ccb=7-4&oh=00_AT-ZoeRXOrY2w7uhwoOBzDfovqsaMiyAzvpjgKzz-S-O-g&oe=61C20AFB&_nc_sid=4efc9f&ig_cache_key=MjcyODIyNDE3NDc0ODYzNjE2NQ%3D%3D.2-ccb7-4
pinkynail0202,28.0,111.0,2021-12-13 10:35:32,PinkyNail藝術美甲,"(25.0514238652, 121.563763271)",https://www.instagram.com/p/CXaA4s4BCgJ,https://instagram.ftpe7-1.fna.fbcdn.net/v/t51.2885-15/e35/266357448_592156938554406_7060903323093262280_n.jpg?_nc_ht=instagram.ftpe7-1.fna.fbcdn.net&_nc_cat=106&_nc_ohc=yzCrMMnfG58AX_BbY19&edm=ABZsPhsBAAAA&ccb=7-4&oh=00_AT8otDxpZ0hg-4SGKEZBNM_0Nih7W77j5Ww5ZBt8xvkxtA&oe=61C1FE3C&_nc_sid=4efc9f&ig_cache_key=MjcyNzQ5NjQyMDgwMTM5MDYwMQ%3D%3D.2-ccb7-4
akane_weaving,156.0,110.0,2021-12-14 19:11:53,Happy Tail Workshop,"(24.9925781271, 121.2858981573)",https://www.instagram.com/p/CXdgxg2vYX6,https://instagram.ftpe7-4.fna.fbcdn.net/v/t51.2885-15/e35/s1080x1080/266758071_879039722812839_7067150646158080900_n.jpg?_nc_ht=instagram.ftpe7-4.fna.fbcdn.net&_nc_cat=103&_nc_ohc=qeepcnQ-4iMAX9twRGP&edm=AABBvjUBAAAA&ccb=7-4&oh=00_AT89n7VJrLyZvYyXAMLcSmEwQ2ddqz6YI0th8y_vGw1ecw&oe=61C235E8&_nc_sid=83d603
gill.daily,787.0,109.0,2021-12-14 15:00:32,宜蘭CH Villa,"(24.7799687, 121.7970472)",https://www.instagram.com/p/CXdEAe-l9wS,https://instagram.ftpe7-4.fna.fbcdn.net/v/t51.2885-15/e35/p1080x1080/267645079_301288808565421_4759457900677084476_n.jpg?_nc_ht=instagram.ftpe7-4.fna.fbcdn.net&_nc_cat=101&_nc_ohc=k9y8TEf4HpMAX-uEQS0&tn=p3PuYwOUb0brXnrV&edm=AABBvjUBAAAA&ccb=7-4&oh=00_AT_q-NmBisiA1ElNQy_c2TlPdrbZz-yg-IAIIHOD6kD3Bw&oe=61C1B956&_nc_sid=83d603
joyce.y0818,308.0,109.0,2021-12-09 19:32:08,Lalauya。樂聚野食,"(24.95862, 121.17106)",https://www.instagram.com/p/CXQrHdVP3lS,https://instagram.ftpe7-2.fna.fbcdn.net/v/t51.2885-15/e35/265388362_1080199182546729_5173488719740602757_n.jpg?_nc_ht=instagram.ftpe7-2.fna.fbcdn.net&_nc_cat=109&_nc_ohc=ib9wpDvCnLcAX_L0puN&edm=AABBvjUBAAAA&ccb=7-4&oh=00_AT9oZTsnyGhtOovmTaOhr4ugQLFOn8ZOnGT9ADDiu2IfDQ&oe=61C209C1&_nc_sid=83d603
valley22_taipei,18.0,108.0,2021-12-14 22:42:44,Valley 22,"(25.0319501782, 121.5523695946)",https://www.instagram.com/p/CXd45yJA-Ze,https://instagram.ftpe7-4.fna.fbcdn.net/v/t51.2885-15/e35/s1080x1080/266820744_1603684286643425_6662842138640819005_n.jpg?_nc_ht=instagram.ftpe7-4.fna.fbcdn.net&_nc_cat=105&_nc_ohc=vr7VUQsQJMgAX-pCA-T&edm=AABBvjUBAAAA&ccb=7-4&oh=00_AT_FgjUs6VcaYGGt2BtpG-8L7fLuWrGK7cOQGNDP9jnY5Q&oe=61C24169&_nc_sid=83d603
ziwei0122,210.0,107.0,2021-12-10 18:47:14,Bellavita寶麗廣場 - 貴婦百貨信義區,"(25.0458, 121.5339)",https://www.instagram.com/p/CXTKxaPlO2T,https://instagram.ftpe7-2.fna.fbcdn.net/v/t51.2885-15/e35/266232670_119533333885053_8270079005256866718_n.jpg?_nc_ht=instagram.ftpe7-2.fna.fbcdn.net&_nc_cat=109&_nc_ohc=TblZtNkqQXIAX-gE2a_&edm=ABZsPhsBAAAA&ccb=7-4&oh=00_AT8tmGml7cy76hoJBzeTcLX1sBqhidXyGKq0fCah2fa39Q&oe=61C12A1B&_nc_sid=4efc9f&ig_cache_key=MjcyNTU2OTU3NTM4NzQ1ODk2Mw%3D%3D.2-ccb7-4
rosecoloredbook,49.0,106.0,2021-12-14 21:29:26,玫瑰色二手書店,"(24.80448, 120.9619)",https://www.instagram.com/p/CXdwg3IvmVM,https://instagram.ftpe7-1.fna.fbcdn.net/v/t51.2885-15/e35/265027893_152661530425842_4317507765202188773_n.jpg?_nc_ht=instagram.ftpe7-1.fna.fbcdn.net&_nc_cat=106&_nc_ohc=3zVIUN0Oa6QAX_uwGG8&edm=ABZsPhsBAAAA&ccb=7-4&oh=00_AT8szifdKS_ng-91NRpHy_U8-0RU0lDnOQYliRysKb01IA&oe=61C24BC1&_nc_sid=4efc9f&ig_cache_key=MjcyODU1MDMxMzcxNDY3Mjk3Mg%3D%3D.2-ccb7-4
beirong1022,243.0,102.0,2021-12-11 21:06:11,新光三越 台中中港店,"(24.1649964815, 120.6434045451)",https://www.instagram.com/p/CXV_d_tPUSL,https://instagram.ftpe7-1.fna.fbcdn.net/v/t51.2885-15/e35/266066775_2996371574024358_2662652064354630537_n.jpg?_nc_ht=instagram.ftpe7-1.fna.fbcdn.net&_nc_cat=106&_nc_ohc=tPW8tkZXJgYAX-XzFTC&edm=AABBvjUBAAAA&ccb=7-4&oh=00_AT91UdtyNJTsoC4SYV7Kufl8RO5b-yyA-oBYe6fN-bN74g&oe=61C1ED88&_nc_sid=83d603
jia_ye_chen,876.0,22.0,2021-12-13 00:21:02,臺中國家歌劇院 National Taichung Theater,"(24.1630051195, 120.6409214834)",https://www.instagram.com/p/CXY6j-xvk0O,https://instagram.ftpe7-4.fna.fbcdn.net/v/t51.2885-15/e35/s1080x1080/265988340_433595844850949_6633049904631450337_n.jpg?_nc_ht=instagram.ftpe7-4.fna.fbcdn.net&_nc_cat=105&_nc_ohc=3F2gi5khBdcAX-RuifZ&edm=AABBvjUBAAAA&ccb=7-4&oh=00_AT8DQQyI7WDkTdE1iQYA-w-9-ujHTHyQ6NUoBhAFp_Bw-A&oe=61C1EDE2&_nc_sid=83d603
jodielin1228,469.0,17.0,2021-12-13 19:56:04,六福村主題遊樂園,"(24.821058232, 121.1822051252)",https://www.instagram.com/p/CXbBCJFvVs-,https://instagram.ftpe7-2.fna.fbcdn.net/v/t51.2885-15/e35/p1080x1080/266468447_603924290718364_2367745460823605065_n.jpg?_nc_ht=instagram.ftpe7-2.fna.fbcdn.net&_nc_cat=104&_nc_ohc=ni8H-tVfTP8AX8gpmu-&edm=AABBvjUBAAAA&ccb=7-4&oh=00_AT_pQ-56tIpGHjpujN1CMHtOjieicLtFK18dqdJdAjBhKA&oe=61C2AE3D&_nc_sid=83d603
mumuqueen10_10,6699.0,3.0,2021-12-13 18:40:11,板橋市政府 新北耶誕城,"(25.0135340323, 121.4644479901)",https://www.instagram.com/p/CXa4WaKJHgD,https://instagram.ftpe7-4.fna.fbcdn.net/v/t51.2885-15/e35/p1080x1080/266798515_3060105054246253_3090670266972532719_n.jpg?_nc_ht=instagram.ftpe7-4.fna.fbcdn.net&_nc_cat=101&_nc_ohc=YTb2ebrI9sEAX-jLwr4&edm=AABBvjUBAAAA&ccb=7-4&oh=00_AT_yQuvCss9a0qDIYkx-RK9PAnKblnVvNodHsqRBx-vyxg&oe=61C1473C&_nc_sid=83d603
manandq,1865.0,3.0,2021-12-13 13:41:49,巨蛋,"(22.7401279196, 120.3028956601)",https://www.instagram.com/p/CXaWNEOlBur,https://instagram.ftpe7-1.fna.fbcdn.net/v/t51.2885-15/e35/p1080x1080/266788854_470954161045044_6734526951902685215_n.jpg?_nc_ht=instagram.ftpe7-1.fna.fbcdn.net&_nc_cat=100&_nc_ohc=yw4uSV_8npsAX_eiDtb&edm=AABBvjUBAAAA&ccb=7-4&oh=00_AT9X92CiuE2-mnoidqKVRzM5ZJBrBCurBq6C1Bcz1lVKig&oe=61C23647&_nc_sid=83d603
madeinalbee928,1379.0,3.0,2021-12-10 20:54:32,遠東百貨 Top City台中大遠百,"(24.1641983088, 120.644736886)",https://www.instagram.com/p/CXTZVyDPHtz,https://instagram.ftpe7-1.fna.fbcdn.net/v/t51.2885-15/e35/p1080x1080/265712786_1131768830691666_2189815664763169250_n.jpg?_nc_ht=instagram.ftpe7-1.fna.fbcdn.net&_nc_cat=106&_nc_ohc=KLUPu9tkoAoAX-izAXM&edm=AABBvjUBAAAA&ccb=7-4&oh=00_AT-eqn5G8FBrTWPPai91KQygzXlsXjjwtP16rz7s6WUiOA&oe=61C0F642&_nc_sid=83d603
chinchindesserts,1106.0,3.0,2021-12-14 22:31:00,台中市一中商圈 Yizhong Street,"(24.149313795, 120.68516276)",https://www.instagram.com/p/CXd3j3Jvmec,https://instagram.ftpe7-3.fna.fbcdn.net/v/t51.2885-15/e35/s1080x1080/267620749_249584890600091_4011724248682211736_n.jpg?_nc_ht=instagram.ftpe7-3.fna.fbcdn.net&_nc_cat=111&_nc_ohc=cHP5-iGPyuwAX-8t3HL&edm=AABBvjUBAAAA&ccb=7-4&oh=00_AT8a4ALsLqnGTuzXKkYH1cDYjFYTDe9OYtabxuUWdUj4SQ&oe=61C29604&_nc_sid=83d603
linxuan29,982.0,3.0,2021-12-14 18:34:26,期待聖誕節,"(24.1324606, 120.6121961)",https://www.instagram.com/p/CXdcfJHl-YO,https://instagram.ftpe7-1.fna.fbcdn.net/v/t51.2885-15/e35/s1080x1080/266633858_631620544861198_6527997405491051388_n.jpg?_nc_ht=instagram.ftpe7-1.fna.fbcdn.net&_nc_cat=110&_nc_ohc=069hP8dLELEAX_2KN1b&edm=AABBvjUBAAAA&ccb=7-4&oh=00_AT9h7Lb0o5tSbP-0sZwRcq2rGB1ErqK6k2wRiy5Tyvg-qg&oe=61C107BD&_nc_sid=83d603
bj5940_777,514.0,3.0,2021-12-14 22:51:31,Pingtung City,"(22.6761111111, 120.4941666667)",https://www.instagram.com/p/CXd56GQPqVG,https://instagram.ftpe7-1.fna.fbcdn.net/v/t51.2885-15/e35/267108544_273603914793486_7149214990239819987_n.jpg?_nc_ht=instagram.ftpe7-1.fna.fbcdn.net&_nc_cat=106&_nc_ohc=K0M8uD_nFVYAX92frZq&edm=ABZsPhsBAAAA&ccb=7-4&oh=00_AT8xv2ygGpBotkAowCMbzfZ-HdurR0VUJoWQqKaYjiRj7Q&oe=61C20FC0&_nc_sid=4efc9f&ig_cache_key=MjcyODU5MTYzMDM1MjE2NDE2Ng%3D%3D.2-ccb7-4
bj5940_777,514.0,3.0,2021-12-14 11:06:34,新光三越 台中中港店,"(24.1649964815, 120.6434045451)",https://www.instagram.com/p/CXcpO8Kv88w,https://instagram.ftpe7-1.fna.fbcdn.net/v/t51.2885-15/e35/267084542_296800922218224_5333662012439527984_n.jpg?_nc_ht=instagram.ftpe7-1.fna.fbcdn.net&_nc_cat=100&_nc_ohc=iYKeVXyH35gAX82e1G9&tn=qslcWGLUZOVNi3iQ&edm=ABZsPhsBAAAA&ccb=7-4&oh=00_AT_BJk0j8ZoZ0D6b51z82WNoZtDSIi-CkKn85CLNTqtFUQ&oe=61C2000D&_nc_sid=4efc9f&ig_cache_key=MjcyODIzNjgyMDg2NDE1OTUzNg%3D%3D.2-ccb7-4
ririchao,472.0,3.0,2021-12-14 21:11:25,Linkou District,"(25.1016666667, 121.3630555556)",https://www.instagram.com/p/CXduc-rpCxp,https://instagram.ftpe7-2.fna.fbcdn.net/v/t51.2885-15/e35/p1080x1080/268071418_1529683340758408_4577420968856679219_n.jpg?_nc_ht=instagram.ftpe7-2.fna.fbcdn.net&_nc_cat=104&_nc_ohc=OkooScp_qCAAX-7VEpV&tn=p3PuYwOUb0brXnrV&edm=AABBvjUBAAAA&ccb=7-4&oh=00_AT8r0CjRBxNhwTFBjDs0Nas7gWfWK4hIXdJCc0xSDtYW1A&oe=61C2A986&_nc_sid=83d603
hoguanyun0427,459.0,3.0,2021-12-10 22:56:49,聖誕節快樂,"(25.0184154, 121.4651094)",https://www.instagram.com/p/CXTnVdvJDIZ,https://instagram.ftpe7-3.fna.fbcdn.net/v/t51.2885-15/e35/p1080x1080/265060972_3036116846706044_855458511176553522_n.jpg?_nc_ht=instagram.ftpe7-3.fna.fbcdn.net&_nc_cat=108&_nc_ohc=ZFV0Hr50TR4AX8fsz02&edm=AABBvjUBAAAA&ccb=7-4&oh=00_AT-fmOcDbsSlhS6c6GoeQqAfdJQjlYuJ5XSOGavrennBjg&oe=61C1AFC0&_nc_sid=83d603
uu__6677,402.0,3.0,2021-12-13 00:21:21,新北耶誕城,"(25.0133916667, 121.4652116667)",https://www.instagram.com/p/CXY6mTTBwxX,https://instagram.ftpe7-4.fna.fbcdn.net/v/t51.2885-15/e35/266050661_610983666817657_2062969478760194479_n.jpg?_nc_ht=instagram.ftpe7-4.fna.fbcdn.net&_nc_cat=101&_nc_ohc=4N0w7f91c6AAX-8BM3H&edm=ABZsPhsBAAAA&ccb=7-4&oh=00_AT89IiHRcMq87xseu6PcCuZg7BqTYwhuhXGpeu4zEXMAhA&oe=61C29134&_nc_sid=4efc9f&ig_cache_key=MjcyNzE4NzI5MzEzMDkxODk5OQ%3D%3D.2-ccb7-4
yahui615,388.0,3.0,2021-12-12 21:33:36,信義區商圈,"(25.0373852903, 121.5668806983)",https://www.instagram.com/p/CXYnZuiBIuR,https://instagram.ftpe7-4.fna.fbcdn.net/v/t51.2885-15/e35/p1080x1080/266006527_620997889144417_8381570037643895851_n.jpg?_nc_ht=instagram.ftpe7-4.fna.fbcdn.net&_nc_cat=101&_nc_ohc=9G3euMg4FJwAX-BUW4L&tn=p3PuYwOUb0brXnrV&edm=AABBvjUBAAAA&ccb=7-4&oh=00_AT_yNSC0a64vCiYrjliREDHSZwQruxy3LFSIzt9M8CDVzA&oe=61C14A2D&_nc_sid=83d603
yu_zhen_li,112.0,3.0,2021-12-13 16:35:08,南紡購物中心,"(22.9908366653, 120.2330088295)",https://www.instagram.com/p/CXaqCfwFUw1,https://instagram.ftpe7-1.fna.fbcdn.net/v/t51.2885-15/e35/p1080x1080/267598522_290416719544762_8786775051003444710_n.jpg?_nc_ht=instagram.ftpe7-1.fna.fbcdn.net&_nc_cat=110&_nc_ohc=nq67WCPmZ4YAX80H1RP&edm=AABBvjUBAAAA&ccb=7-4&oh=00_AT_VN8xkFzR1pmQxvUIEY-x6BP7UBlW8wbNWpiLX5YifXg&oe=61C16C4D&_nc_sid=83d603
